season,name,season_total_score
2008.0,A Chopra,42.0
2008.0,A Kumble,13.0
2008.0,A Mishra,37.0
2008.0,A Mukund,0.0
2008.0,A Nehra,3.0
2008.0,A Nel,0.0
2008.0,A Symonds,161.0
2008.0,AA Noffke,9.0
2008.0,AB Agarkar,54.0
2008.0,AB Dinda,2.0
2008.0,AB de Villiers,95.0
2008.0,AC Gilchrist,436.0
2008.0,AD Mascarenhas,9.0
2008.0,AM Nayar,206.0
2008.0,AM Rahane,4.0
2008.0,AS Yadav,49.0
2008.0,Abdur Razzak,0.0
2008.0,B Akhil,46.0
2008.0,B Chipli,20.0
2008.0,B Lee,17.0
2008.0,BB McCullum,188.0
2008.0,BJ Hodge,12.0
2008.0,CK Kapugedera,16.0
2008.0,CL White,114.0
2008.0,CRD Fernando,2.0
2008.0,D Kalyankrishna,3.0
2008.0,D Salunkhe,33.0
2008.0,DB Das,103.0
2008.0,DB Ravi Teja,109.0
2008.0,DJ Bravo,178.0
2008.0,DJ Hussey,319.0
2008.0,DJ Thornely,39.0
2008.0,DNT Zoysa,11.0
2008.0,DP Vijaykumar,1.0
2008.0,DPMD Jayawardene,179.0
2008.0,DR Smith,45.0
2008.0,DS Kulkarni,2.0
2008.0,DS Lehmann,18.0
2008.0,DT Patil,13.0
2008.0,DW Steyn,2.0
2008.0,G Gambhir,534.0
2008.0,GC Smith,441.0
2008.0,GD McGrath,4.0
2008.0,H Das,2.0
2008.0,HH Gibbs,167.0
2008.0,Harbhajan Singh,30.0
2008.0,I Sharma,11.0
2008.0,IK Pathan,131.0
2008.0,Iqbal Abdulla,1.0
2008.0,J Arunkumar,23.0
2008.0,JA Morkel,241.0
2008.0,JDP Oram,18.0
2008.0,JH Kallis,199.0
2008.0,JR Hopes,221.0
2008.0,Joginder Sharma,16.0
2008.0,K Goel,76.0
2008.0,KC Sangakkara,320.0
2008.0,KD Karthik,145.0
2008.0,Kamran Akmal,128.0
2008.0,L Balaji,0.0
2008.0,L Ronchi,34.0
2008.0,LA Pomersbach,152.0
2008.0,LPC Silva,40.0
2008.0,LR Shukla,163.0
2008.0,LRPL Taylor,149.0
2008.0,M Kaif,176.0
2008.0,M Kartik,30.0
2008.0,M Muralitharan,0.0
2008.0,M Ntini,11.0
2008.0,M Rawat,34.0
2008.0,MA Khote,24.0
2008.0,MEK Hussey,168.0
2008.0,MF Maharoof,125.0
2008.0,MK Pandey,3.0
2008.0,MK Tiwary,104.0
2008.0,ML Hayden,189.0
2008.0,MM Patel,0.0
2008.0,MS Dhoni,414.0
2008.0,MS Gony,35.0
2008.0,MV Boucher,225.0
2008.0,Misbah-ul-Haq,117.0
2008.0,Mohammad Asif,3.0
2008.0,Mohammad Hafeez,64.0
2008.0,NK Patel,103.0
2008.0,P Kumar,112.0
2008.0,PA Patel,302.0
2008.0,PJ Sangwan,2.0
2008.0,PM Sarvesh Kumar,1.0
2008.0,PP Chawla,90.0
2008.0,PP Ojha,2.0
2008.0,PR Shah,34.0
2008.0,Pankaj Singh,5.0
2008.0,R Bhatia,34.0
2008.0,R Dravid,371.0
2008.0,R Vinay Kumar,25.0
2008.0,RA Jadeja,135.0
2008.0,RG Sharma,404.0
2008.0,RP Singh,27.0
2008.0,RR Powar,28.0
2008.0,RR Raje,8.0
2008.0,RR Sarwan,73.0
2008.0,RT Ponting,39.0
2008.0,RV Uthappa,320.0
2008.0,S Anirudha,1.0
2008.0,S Badrinath,192.0
2008.0,S Chanderpaul,25.0
2008.0,S Dhawan,340.0
2008.0,S Sohal,4.0
2008.0,S Sreesanth,0.0
2008.0,S Vidyut,145.0
2008.0,SA Asnodkar,311.0
2008.0,SB Bangar,47.0
2008.0,SB Joshi,6.0
2008.0,SB Styris,112.0
2008.0,SC Ganguly,349.0
2008.0,SD Chitnis,18.0
2008.0,SE Marsh,616.0
2008.0,SK Raina,421.0
2008.0,SK Trivedi,5.0
2008.0,SK Warne,70.0
2008.0,SM Katich,96.0
2008.0,SM Pollock,147.0
2008.0,SP Fleming,196.0
2008.0,SP Goswami,82.0
2008.0,SR Tendulkar,188.0
2008.0,SR Watson,472.0
2008.0,SS Tiwary,26.0
2008.0,ST Jayasuriya,514.0
2008.0,Salman Butt,193.0
2008.0,Shahid Afridi,81.0
2008.0,Shoaib Akhtar,2.0
2008.0,Shoaib Malik,52.0
2008.0,Sohail Tanvir,36.0
2008.0,T Kohli,10.0
2008.0,T Taibu,31.0
2008.0,TM Dilshan,104.0
2008.0,TM Srivastava,8.0
2008.0,U Kaul,0.0
2008.0,Umar Gul,39.0
2008.0,V Kohli,165.0
2008.0,V Sehwag,406.0
2008.0,VRV Singh,4.0
2008.0,VS Yeligati,2.0
2008.0,VVS Laxman,155.0
2008.0,VY Mahesh,15.0
2008.0,W Jaffer,115.0
2008.0,WA Mota,26.0
2008.0,WP Saha,159.0
2008.0,WPUJC Vaas,21.0
2008.0,Y Venugopal Rao,288.0
2008.0,YK Pathan,435.0
2008.0,YV Takawale,70.0
2008.0,Younis Khan,3.0
2008.0,Yuvraj Singh,299.0
2008.0,Z Khan,34.0
2009.0,A Chopra,11.0
2009.0,A Flintoff,62.0
2009.0,A Kumble,16.0
2009.0,A Mishra,26.0
2009.0,A Nehra,1.0
2009.0,A Singh,1.0
2009.0,A Symonds,249.0
2009.0,AA Bilakhia,67.0
2009.0,AB Agarkar,66.0
2009.0,AB Dinda,2.0
2009.0,AB McDonald,3.0
2009.0,AB de Villiers,465.0
2009.0,AC Gilchrist,495.0
2009.0,AD Mascarenhas,39.0
2009.0,AD Mathews,16.0
2009.0,AM Nayar,193.0
2009.0,AM Rahane,144.0
2009.0,AN Ghosh,7.0
2009.0,AS Raut,78.0
2009.0,Anureet Singh,0.0
2009.0,B Akhil,17.0
2009.0,B Lee,28.0
2009.0,BAW Mendis,0.0
2009.0,BB McCullum,285.0
2009.0,BJ Hodge,365.0
2009.0,C Nanda,0.0
2009.0,CH Gayle,171.0
2009.0,D du Preez,10.0
2009.0,DA Warner,163.0
2009.0,DB Ravi Teja,65.0
2009.0,DJ Bravo,218.0
2009.0,DJ Hussey,98.0
2009.0,DL Vettori,34.0
2009.0,DPMD Jayawardene,219.0
2009.0,DR Smith,215.0
2009.0,DS Kulkarni,9.0
2009.0,DW Steyn,0.0
2009.0,FH Edwards,4.0
2009.0,G Gambhir,286.0
2009.0,GC Smith,212.0
2009.0,GJ Bailey,45.0
2009.0,GR Napier,15.0
2009.0,HH Gibbs,371.0
2009.0,Harbhajan Singh,84.0
2009.0,I Sharma,16.0
2009.0,IK Pathan,196.0
2009.0,J Botha,47.0
2009.0,JA Morkel,97.0
2009.0,JD Ryder,56.0
2009.0,JDP Oram,88.0
2009.0,JH Kallis,361.0
2009.0,JP Duminy,372.0
2009.0,Jaskaran Singh,0.0
2009.0,Joginder Sharma,20.0
2009.0,K Goel,124.0
2009.0,KC Sangakkara,332.0
2009.0,KD Karthik,288.0
2009.0,KP Appanna,0.0
2009.0,KP Pietersen,93.0
2009.0,KV Sharma,1.0
2009.0,Kamran Khan,3.0
2009.0,L Balaji,4.0
2009.0,L Ronchi,0.0
2009.0,LA Carseldine,81.0
2009.0,LA Pomersbach,41.0
2009.0,LR Shukla,83.0
2009.0,LRPL Taylor,280.0
2009.0,M Kartik,21.0
2009.0,M Manhas,75.0
2009.0,M Morkel,8.0
2009.0,M Muralitharan,8.0
2009.0,M Rawat,16.0
2009.0,M Vijay,60.0
2009.0,MC Henriques,38.0
2009.0,MF Maharoof,21.0
2009.0,MK Pandey,168.0
2009.0,MK Tiwary,9.0
2009.0,ML Hayden,572.0
2009.0,MM Patel,33.0
2009.0,MN van Wyk,167.0
2009.0,MS Dhoni,332.0
2009.0,MS Gony,13.0
2009.0,MV Boucher,150.0
2009.0,Mashrafe Mortaza,2.0
2009.0,Mohammad Ashraful,2.0
2009.0,NK Patel,18.0
2009.0,NV Ojha,168.0
2009.0,P Kumar,65.0
2009.0,PA Patel,142.0
2009.0,PC Valthaty,6.0
2009.0,PJ Sangwan,6.0
2009.0,PP Chawla,31.0
2009.0,PP Ojha,1.0
2009.0,PR Shah,53.0
2009.0,Pankaj Singh,1.0
2009.0,R Ashwin,8.0
2009.0,R Bhatia,8.0
2009.0,R Bishnoi,19.0
2009.0,R Dravid,271.0
2009.0,R Vinay Kumar,47.0
2009.0,RA Jadeja,295.0
2009.0,RE van der Merwe,122.0
2009.0,RG Sharma,362.0
2009.0,RJ Harris,21.0
2009.0,RJ Quiney,103.0
2009.0,RP Singh,8.0
2009.0,RR Powar,23.0
2009.0,RR Raje,12.0
2009.0,RS Bopara,138.0
2009.0,RV Uthappa,175.0
2009.0,S Badrinath,177.0
2009.0,S Dhawan,40.0
2009.0,S Sohal,115.0
2009.0,S Sreesanth,5.0
2009.0,S Tyagi,0.0
2009.0,SA Asnodkar,98.0
2009.0,SB Bangar,2.0
2009.0,SB Jakati,20.0
2009.0,SB Styris,14.0
2009.0,SC Ganguly,189.0
2009.0,SD Chitnis,6.0
2009.0,SK Raina,434.0
2009.0,SK Trivedi,9.0
2009.0,SK Warne,108.0
2009.0,SL Malinga,0.0
2009.0,SM Harwood,9.0
2009.0,SM Katich,145.0
2009.0,SP Goswami,53.0
2009.0,SR Tendulkar,364.0
2009.0,SS Shaikh,6.0
2009.0,SS Tiwary,13.0
2009.0,ST Jayasuriya,221.0
2009.0,Shoaib Ahmed,1.0
2009.0,T Henderson,11.0
2009.0,T Kohli,1.0
2009.0,T Thushara,2.0
2009.0,TL Suman,237.0
2009.0,TM Dilshan,418.0
2009.0,TM Srivastava,0.0
2009.0,V Kohli,246.0
2009.0,V Sehwag,198.0
2009.0,VVS Laxman,19.0
2009.0,W Jaffer,15.0
2009.0,WA Mota,30.0
2009.0,WP Saha,72.0
2009.0,WPUJC Vaas,30.0
2009.0,Y Nagar,20.0
2009.0,Y Venugopal Rao,124.0
2009.0,YK Pathan,243.0
2009.0,YV Takawale,18.0
2009.0,Yashpal Singh,47.0
2009.0,Yuvraj Singh,340.0
2009.0,Z Khan,8.0
2010.0,A Kumble,6.0
2010.0,A Mishra,39.0
2010.0,A Mithun,5.0
2010.0,A Nehra,23.0
2010.0,A Symonds,429.0
2010.0,A Uniyal,4.0
2010.0,AA Bilakhia,2.0
2010.0,AA Jhunjhunwala,183.0
2010.0,AB Agarkar,40.0
2010.0,AB Barath,42.0
2010.0,AB Dinda,0.0
2010.0,AB McDonald,65.0
2010.0,AB de Villiers,111.0
2010.0,AC Gilchrist,289.0
2010.0,AC Voges,181.0
2010.0,AD Mascarenhas,12.0
2010.0,AD Mathews,233.0
2010.0,AG Paunikar,0.0
2010.0,AJ Finch,21.0
2010.0,AM Nayar,58.0
2010.0,AN Ahmed,4.0
2010.0,AP Dole,34.0
2010.0,AP Tare,50.0
2010.0,AS Raut,56.0
2010.0,AT Rayudu,356.0
2010.0,Anirudh Singh,63.0
2010.0,B Lee,11.0
2010.0,B Sumanth,35.0
2010.0,BAW Mendis,1.0
2010.0,BB McCullum,114.0
2010.0,BJ Hodge,99.0
2010.0,Bipul Sharma,9.0
2010.0,C Ganapathy,0.0
2010.0,C Madan,15.0
2010.0,CA Pujara,122.0
2010.0,CH Gayle,292.0
2010.0,CK Langeveldt,0.0
2010.0,CL White,48.0
2010.0,CRD Fernando,2.0
2010.0,DA Warner,282.0
2010.0,DE Bollinger,18.0
2010.0,DJ Bravo,61.0
2010.0,DJ Hussey,94.0
2010.0,DL Vettori,33.0
2010.0,DP Nannes,4.0
2010.0,DPMD Jayawardene,439.0
2010.0,DR Martyn,19.0
2010.0,DR Smith,22.0
2010.0,DW Steyn,13.0
2010.0,EJG Morgan,35.0
2010.0,FY Fazal,164.0
2010.0,G Gambhir,277.0
2010.0,GC Smith,44.0
2010.0,GJ Bailey,18.0
2010.0,HH Gibbs,267.0
2010.0,Harbhajan Singh,105.0
2010.0,Harmeet Singh,0.0
2010.0,I Sharma,6.0
2010.0,IK Pathan,276.0
2010.0,Iqbal Abdulla,0.0
2010.0,J Theron,2.0
2010.0,JA Morkel,198.0
2010.0,JH Kallis,572.0
2010.0,JM Kemp,26.0
2010.0,JP Duminy,157.0
2010.0,Jaskaran Singh,8.0
2010.0,K Goel,18.0
2010.0,KA Pollard,273.0
2010.0,KAJ Roach,10.0
2010.0,KB Arun Karthik,3.0
2010.0,KC Sangakkara,357.0
2010.0,KD Karthik,278.0
2010.0,KM Jadhav,76.0
2010.0,KP Appanna,2.0
2010.0,KP Pietersen,236.0
2010.0,Kamran Khan,0.0
2010.0,L Balaji,18.0
2010.0,LR Shukla,36.0
2010.0,LRPL Taylor,88.0
2010.0,M Kaif,28.0
2010.0,M Kartik,22.0
2010.0,M Manhas,157.0
2010.0,M Morkel,9.0
2010.0,M Muralitharan,1.0
2010.0,M Vijay,458.0
2010.0,MC Henriques,11.0
2010.0,MD Mishra,166.0
2010.0,MEK Hussey,37.0
2010.0,MF Maharoof,31.0
2010.0,MJ Lumb,278.0
2010.0,MK Pandey,249.0
2010.0,MK Tiwary,237.0
2010.0,ML Hayden,346.0
2010.0,MM Patel,4.0
2010.0,MR Marsh,28.0
2010.0,MS Bisla,218.0
2010.0,MS Dhoni,287.0
2010.0,MS Gony,2.0
2010.0,MV Boucher,13.0
2010.0,Mandeep Singh,4.0
2010.0,NV Ojha,377.0
2010.0,OA Shah,115.0
2010.0,P Dogra,107.0
2010.0,P Kumar,4.0
2010.0,PA Patel,72.0
2010.0,PD Collingwood,203.0
2010.0,PJ Sangwan,10.0
2010.0,PP Chawla,62.0
2010.0,PP Ojha,3.0
2010.0,Pankaj Singh,1.0
2010.0,R Ashwin,30.0
2010.0,R Bhatia,24.0
2010.0,R Dravid,256.0
2010.0,R McLaren,66.0
2010.0,R Sathish,112.0
2010.0,R Sharma,29.0
2010.0,R Vinay Kumar,27.0
2010.0,RE van der Merwe,1.0
2010.0,RG Sharma,404.0
2010.0,RJ Harris,45.0
2010.0,RP Singh,9.0
2010.0,RR Powar,5.0
2010.0,RS Bopara,248.0
2010.0,RS Gavaskar,2.0
2010.0,RS Sodhi,4.0
2010.0,RV Uthappa,374.0
2010.0,S Anirudha,30.0
2010.0,S Badrinath,356.0
2010.0,S Dhawan,191.0
2010.0,S Ladda,0.0
2010.0,S Narwal,14.0
2010.0,S Sreesanth,27.0
2010.0,S Sriram,27.0
2010.0,S Tyagi,3.0
2010.0,SA Asnodkar,5.0
2010.0,SB Jakati,0.0
2010.0,SC Ganguly,493.0
2010.0,SE Bond,1.0
2010.0,SE Marsh,147.0
2010.0,SJ Srivastava,1.0
2010.0,SK Raina,520.0
2010.0,SK Trivedi,20.0
2010.0,SK Warne,10.0
2010.0,SL Malinga,1.0
2010.0,SP Goswami,8.0
2010.0,SR Tendulkar,618.0
2010.0,SR Watson,185.0
2010.0,SS Tiwary,419.0
2010.0,ST Jayasuriya,33.0
2010.0,STR Binny,8.0
2010.0,SW Tait,12.0
2010.0,T Thushara,10.0
2010.0,TL Suman,307.0
2010.0,TM Dilshan,44.0
2010.0,UT Yadav,3.0
2010.0,V Kohli,307.0
2010.0,V Sehwag,356.0
2010.0,VS Malik,6.0
2010.0,VVS Laxman,64.0
2010.0,WP Saha,67.0
2010.0,WPUJC Vaas,30.0
2010.0,Y Nagar,1.0
2010.0,Y Venugopal Rao,34.0
2010.0,YA Abdulla,0.0
2010.0,YK Pathan,333.0
2010.0,Yuvraj Singh,255.0
2010.0,Z Khan,24.0
2011.0,A Mishra,68.0
2011.0,A Mithun,27.0
2011.0,A Singh,1.0
2011.0,A Symonds,135.0
2011.0,AA Chavan,1.0
2011.0,AA Jhunjhunwala,10.0
2011.0,AB Agarkar,7.0
2011.0,AB Dinda,0.0
2011.0,AB McDonald,8.0
2011.0,AB de Villiers,312.0
2011.0,AC Blizzard,120.0
2011.0,AC Gilchrist,383.0
2011.0,AC Thomas,1.0
2011.0,AG Murtaza,2.0
2011.0,AG Paunikar,49.0
2011.0,AJ Finch,47.0
2011.0,AL Menaria,180.0
2011.0,AM Nayar,61.0
2011.0,AM Rahane,120.0
2011.0,AN Ahmed,18.0
2011.0,AS Raut,60.0
2011.0,AT Rayudu,395.0
2011.0,AUK Pathan,33.0
2011.0,B Akhil,13.0
2011.0,B Chipli,207.0
2011.0,B Kumar,1.0
2011.0,B Lee,5.0
2011.0,BA Bhatt,0.0
2011.0,BB McCullum,357.0
2011.0,BJ Haddin,18.0
2011.0,BJ Hodge,285.0
2011.0,Bipul Sharma,23.0
2011.0,CA Ingram,21.0
2011.0,CA Pujara,34.0
2011.0,CH Gayle,608.0
2011.0,CJ Ferguson,48.0
2011.0,CK Langeveldt,8.0
2011.0,CL White,104.0
2011.0,DA Warner,324.0
2011.0,DB Ravi Teja,183.0
2011.0,DE Bollinger,0.0
2011.0,DH Yagnik,16.0
2011.0,DJ Bravo,11.0
2011.0,DJ Hussey,64.0
2011.0,DJ Jacobs,92.0
2011.0,DL Vettori,23.0
2011.0,DPMD Jayawardene,299.0
2011.0,DS Kulkarni,2.0
2011.0,DT Christian,190.0
2011.0,DW Steyn,36.0
2011.0,EJG Morgan,137.0
2011.0,FY Fazal,19.0
2011.0,G Gambhir,378.0
2011.0,GC Smith,42.0
2011.0,Harbhajan Singh,103.0
2011.0,Harpreet Singh,14.0
2011.0,I Malhotra,7.0
2011.0,I Sharma,4.0
2011.0,IK Pathan,150.0
2011.0,IR Jaggi,28.0
2011.0,Iqbal Abdulla,15.0
2011.0,J Botha,230.0
2011.0,J Syed Mohammad,15.0
2011.0,JA Morkel,138.0
2011.0,JD Ryder,292.0
2011.0,JDP Oram,0.0
2011.0,JE Taylor,3.0
2011.0,JEC Franklin,107.0
2011.0,JH Kallis,424.0
2011.0,JJ van der Wath,18.0
2011.0,JP Duminy,205.0
2011.0,JR Hopes,196.0
2011.0,Joginder Sharma,0.0
2011.0,KA Pollard,146.0
2011.0,KB Arun Karthik,7.0
2011.0,KC Sangakkara,358.0
2011.0,KD Karthik,282.0
2011.0,KM Jadhav,18.0
2011.0,L Ablish,0.0
2011.0,L Balaji,4.0
2011.0,LA Pomersbach,51.0
2011.0,LR Shukla,14.0
2011.0,LRPL Taylor,181.0
2011.0,M Kaif,41.0
2011.0,M Kartik,12.0
2011.0,M Klinger,73.0
2011.0,M Manhas,114.0
2011.0,M Morkel,40.0
2011.0,M Muralitharan,5.0
2011.0,M Vijay,434.0
2011.0,MA Agarwal,141.0
2011.0,MD Mishra,67.0
2011.0,MEK Hussey,492.0
2011.0,MJ Lumb,0.0
2011.0,MK Pandey,246.0
2011.0,MK Tiwary,359.0
2011.0,MM Patel,0.0
2011.0,MR Marsh,50.0
2011.0,MS Bisla,72.0
2011.0,MS Dhoni,392.0
2011.0,MS Gony,0.0
2011.0,MS Wade,22.0
2011.0,MV Boucher,6.0
2011.0,Mandeep Singh,47.0
2011.0,ND Doshi,0.0
2011.0,NJ Rimmington,1.0
2011.0,NL McCullum,26.0
2011.0,NLTC Perera,23.0
2011.0,NV Ojha,160.0
2011.0,OA Shah,26.0
2011.0,P Kumar,27.0
2011.0,P Parameswaran,1.0
2011.0,PA Patel,202.0
2011.0,PC Valthaty,463.0
2011.0,PP Chawla,48.0
2011.0,PR Shah,5.0
2011.0,R Ashwin,2.0
2011.0,R Bhatia,25.0
2011.0,R Dravid,343.0
2011.0,R McLaren,90.0
2011.0,R Ninan,3.0
2011.0,R Sathish,25.0
2011.0,R Sharma,24.0
2011.0,R Vinay Kumar,50.0
2011.0,RA Jadeja,283.0
2011.0,RE van der Merwe,14.0
2011.0,RG Sharma,372.0
2011.0,RJ Harris,31.0
2011.0,RN ten Doeschate,107.0
2011.0,RP Singh,2.0
2011.0,RR Powar,11.0
2011.0,RV Gomez,46.0
2011.0,RV Uthappa,264.0
2011.0,S Anirudha,83.0
2011.0,S Aravind,13.0
2011.0,S Badrinath,396.0
2011.0,S Dhawan,400.0
2011.0,S Nadeem,0.0
2011.0,S Rana,18.0
2011.0,S Randiv,2.0
2011.0,S Sohal,249.0
2011.0,S Sreesanth,1.0
2011.0,S Sriram,4.0
2011.0,SA Asnodkar,9.0
2011.0,SB Jakati,0.0
2011.0,SB Styris,5.0
2011.0,SB Wagh,2.0
2011.0,SC Ganguly,50.0
2011.0,SD Chitnis,9.0
2011.0,SE Marsh,504.0
2011.0,SJ Srivastava,4.0
2011.0,SK Raina,438.0
2011.0,SK Trivedi,0.0
2011.0,SK Warne,10.0
2011.0,SL Malinga,8.0
2011.0,SP Goswami,29.0
2011.0,SR Tendulkar,553.0
2011.0,SR Watson,330.0
2011.0,SS Tiwary,187.0
2011.0,STR Binny,37.0
2011.0,SW Tait,10.0
2011.0,Shakib Al Hasan,29.0
2011.0,Sunny Singh,43.0
2011.0,TD Paine,10.0
2011.0,TL Suman,65.0
2011.0,TM Dilshan,226.0
2011.0,TR Birt,75.0
2011.0,UBT Chand,2.0
2011.0,UT Yadav,1.0
2011.0,V Kohli,557.0
2011.0,V Sehwag,424.0
2011.0,VR Aaron,0.0
2011.0,VVS Laxman,44.0
2011.0,WD Parnell,37.0
2011.0,WP Saha,68.0
2011.0,Y Gnaneswara Rao,19.0
2011.0,Y Nagar,111.0
2011.0,Y Venugopal Rao,336.0
2011.0,YK Pathan,283.0
2011.0,Yuvraj Singh,343.0
2011.0,Z Khan,21.0
2012.0,A Ashish Reddy,35.0
2012.0,A Chandila,0.0
2012.0,A Mishra,16.0
2012.0,A Nehra,11.0
2012.0,A Singh,0.0
2012.0,AA Chavan,11.0
2012.0,AA Jhunjhunwala,24.0
2012.0,AB Agarkar,0.0
2012.0,AB Dinda,2.0
2012.0,AB McDonald,47.0
2012.0,AB de Villiers,319.0
2012.0,AC Blizzard,0.0
2012.0,AC Gilchrist,172.0
2012.0,AC Thomas,19.0
2012.0,AD Mascarenhas,14.0
2012.0,AD Mathews,127.0
2012.0,AD Russell,47.0
2012.0,AG Murtaza,3.0
2012.0,AJ Finch,55.0
2012.0,AL Menaria,220.0
2012.0,AM Nayar,45.0
2012.0,AM Rahane,560.0
2012.0,AP Majumdar,87.0
2012.0,AT Rayudu,333.0
2012.0,AUK Pathan,6.0
2012.0,Ankit Sharma,18.0
2012.0,Azhar Mahmood,186.0
2012.0,B Chipli,37.0
2012.0,B Kumar,40.0
2012.0,B Lee,42.0
2012.0,BA Bhatt,6.0
2012.0,BB McCullum,289.0
2012.0,BB Samantray,2.0
2012.0,BJ Hodge,245.0
2012.0,Bipul Sharma,72.0
2012.0,CA Lynn,6.0
2012.0,CA Pujara,17.0
2012.0,CH Gayle,733.0
2012.0,CJ Ferguson,50.0
2012.0,CJ McKay,8.0
2012.0,CL White,479.0
2012.0,DA Miller,98.0
2012.0,DA Warner,256.0
2012.0,DAJ Bracewell,12.0
2012.0,DB Das,126.0
2012.0,DB Ravi Teja,4.0
2012.0,DE Bollinger,3.0
2012.0,DH Yagnik,25.0
2012.0,DJ Bravo,371.0
2012.0,DJ Harris,111.0
2012.0,DJ Hussey,396.0
2012.0,DJ Jacobs,0.0
2012.0,DL Vettori,31.0
2012.0,DPMD Jayawardene,335.0
2012.0,DR Smith,157.0
2012.0,DS Kulkarni,10.0
2012.0,DT Christian,145.0
2012.0,DW Steyn,19.0
2012.0,F du Plessis,398.0
2012.0,G Gambhir,590.0
2012.0,GB Hogg,15.0
2012.0,GJ Maxwell,6.0
2012.0,Gurkeerat Singh,86.0
2012.0,HH Gibbs,81.0
2012.0,HV Patel,15.0
2012.0,Harbhajan Singh,108.0
2012.0,Harmeet Singh,15.0
2012.0,Harpreet Singh,6.0
2012.0,IK Pathan,176.0
2012.0,IR Jaggi,15.0
2012.0,Iqbal Abdulla,2.0
2012.0,J Botha,58.0
2012.0,J Syed Mohammad,4.0
2012.0,J Theron,7.0
2012.0,JA Morkel,107.0
2012.0,JD Ryder,256.0
2012.0,JEC Franklin,220.0
2012.0,JH Kallis,409.0
2012.0,JP Duminy,244.0
2012.0,JP Faulkner,14.0
2012.0,K Upadhyay,11.0
2012.0,KA Pollard,220.0
2012.0,KC Sangakkara,200.0
2012.0,KD Karthik,238.0
2012.0,KK Cooper,38.0
2012.0,KMDN Kulasekara,5.0
2012.0,KP Pietersen,305.0
2012.0,LR Shukla,75.0
2012.0,LRPL Taylor,197.0
2012.0,M Kaif,14.0
2012.0,M Kartik,26.0
2012.0,M Manhas,120.0
2012.0,M Morkel,3.0
2012.0,M Muralitharan,6.0
2012.0,M Vijay,336.0
2012.0,MA Agarwal,225.0
2012.0,MD Mishra,4.0
2012.0,MEK Hussey,261.0
2012.0,MJ Clarke,98.0
2012.0,MK Pandey,143.0
2012.0,MK Tiwary,260.0
2012.0,MM Patel,2.0
2012.0,MN Samuels,124.0
2012.0,MS Bisla,213.0
2012.0,MS Dhoni,358.0
2012.0,MS Gony,4.0
2012.0,Mandeep Singh,432.0
2012.0,N Saini,140.0
2012.0,NLTC Perera,4.0
2012.0,NV Ojha,255.0
2012.0,OA Shah,340.0
2012.0,P Awana,4.0
2012.0,P Dogra,15.0
2012.0,P Kumar,35.0
2012.0,P Negi,36.0
2012.0,P Parameswaran,0.0
2012.0,PA Patel,194.0
2012.0,PA Reddy,73.0
2012.0,PC Valthaty,30.0
2012.0,PP Chawla,106.0
2012.0,PP Ojha,4.0
2012.0,R Ashwin,18.0
2012.0,R Bhatia,35.0
2012.0,R Dravid,462.0
2012.0,R Sharma,2.0
2012.0,R Vinay Kumar,68.0
2012.0,RA Jadeja,191.0
2012.0,RE Levi,83.0
2012.0,RG Sharma,433.0
2012.0,RJ Harris,18.0
2012.0,RJ Peterson,32.0
2012.0,RN ten Doeschate,21.0
2012.0,RP Singh,6.0
2012.0,RR Bhatkal,0.0
2012.0,RV Uthappa,405.0
2012.0,S Anirudha,19.0
2012.0,S Aravind,14.0
2012.0,S Badrinath,196.0
2012.0,S Dhawan,569.0
2012.0,S Nadeem,0.0
2012.0,SA Yadav,0.0
2012.0,SB Jakati,7.0
2012.0,SC Ganguly,268.0
2012.0,SD Chitnis,66.0
2012.0,SE Marsh,336.0
2012.0,SK Raina,441.0
2012.0,SK Trivedi,5.0
2012.0,SL Malinga,55.0
2012.0,SP Goswami,69.0
2012.0,SP Narine,9.0
2012.0,SPD Smith,362.0
2012.0,SR Tendulkar,324.0
2012.0,SR Watson,255.0
2012.0,SS Tiwary,191.0
2012.0,STR Binny,90.0
2012.0,Shakib Al Hasan,91.0
2012.0,Sunny Gupta,0.0
2012.0,TL Suman,15.0
2012.0,TM Dilshan,285.0
2012.0,TP Sudhindra,0.0
2012.0,UBT Chand,36.0
2012.0,UT Yadav,2.0
2012.0,V Kohli,364.0
2012.0,V Pratap Singh,0.0
2012.0,V Sehwag,495.0
2012.0,VR Aaron,1.0
2012.0,WD Parnell,19.0
2012.0,WP Saha,6.0
2012.0,Y Nagar,153.0
2012.0,Y Venugopal Rao,132.0
2012.0,YK Pathan,194.0
2012.0,Z Khan,12.0
2013.0,A Ashish Reddy,125.0
2013.0,A Chandila,4.0
2013.0,A Mishra,89.0
2013.0,A Mithun,2.0
2013.0,A Mukund,19.0
2013.0,A Nehra,1.0
2013.0,AB Agarkar,12.0
2013.0,AB Dinda,9.0
2013.0,AB McDonald,0.0
2013.0,AB de Villiers,360.0
2013.0,AC Gilchrist,294.0
2013.0,AD Mascarenhas,5.0
2013.0,AD Mathews,172.0
2013.0,AD Russell,11.0
2013.0,AG Murtaza,5.0
2013.0,AJ Finch,456.0
2013.0,AL Menaria,1.0
2013.0,AM Nayar,66.0
2013.0,AM Rahane,488.0
2013.0,AP Tare,123.0
2013.0,AS Rajpoot,2.0
2013.0,AT Rayudu,265.0
2013.0,Azhar Mahmood,196.0
2013.0,B Chipli,16.0
2013.0,B Kumar,52.0
2013.0,B Laughlin,4.0
2013.0,B Lee,21.0
2013.0,BAW Mendis,2.0
2013.0,BB McCullum,6.0
2013.0,BB Samantray,123.0
2013.0,BJ Hodge,293.0
2013.0,BJ Rohrer,193.0
2013.0,BMAJ Mendis,23.0
2013.0,CA Pujara,92.0
2013.0,CH Gayle,708.0
2013.0,CH Morris,14.0
2013.0,CL White,209.0
2013.0,CM Gautam,44.0
2013.0,DA Miller,418.0
2013.0,DA Warner,410.0
2013.0,DB Das,75.0
2013.0,DB Ravi Teja,14.0
2013.0,DH Yagnik,125.0
2013.0,DJ Bravo,121.0
2013.0,DJ Hussey,235.0
2013.0,DJG Sammy,174.0
2013.0,DP Nannes,0.0
2013.0,DPMD Jayawardene,331.0
2013.0,DR Smith,418.0
2013.0,DS Kulkarni,0.0
2013.0,DT Christian,6.0
2013.0,DW Steyn,53.0
2013.0,EJG Morgan,307.0
2013.0,G Gambhir,406.0
2013.0,GH Vihari,241.0
2013.0,GJ Maxwell,36.0
2013.0,Gurkeerat Singh,108.0
2013.0,Harbhajan Singh,116.0
2013.0,Harmeet Singh,3.0
2013.0,I Sharma,0.0
2013.0,IC Pandey,0.0
2013.0,IK Pathan,142.0
2013.0,Iqbal Abdulla,8.0
2013.0,J Botha,43.0
2013.0,J Syed Mohammad,10.0
2013.0,JA Morkel,46.0
2013.0,JD Unadkat,2.0
2013.0,JH Kallis,311.0
2013.0,JP Faulkner,57.0
2013.0,K Upadhyay,1.0
2013.0,KA Pollard,420.0
2013.0,KB Arun Karthik,41.0
2013.0,KC Sangakkara,120.0
2013.0,KD Karthik,510.0
2013.0,KK Cooper,39.0
2013.0,KK Nair,9.0
2013.0,KL Rahul,20.0
2013.0,KM Jadhav,152.0
2013.0,KV Sharma,85.0
2013.0,KW Richardson,34.0
2013.0,L Balaji,9.0
2013.0,LA Pomersbach,58.0
2013.0,LJ Wright,106.0
2013.0,LR Shukla,3.0
2013.0,LRPL Taylor,63.0
2013.0,M Kartik,2.0
2013.0,M Manhas,13.0
2013.0,M Morkel,57.0
2013.0,M Rawat,5.0
2013.0,M Vijay,312.0
2013.0,M Vohra,161.0
2013.0,MA Agarwal,67.0
2013.0,MC Henriques,165.0
2013.0,MC Juneja,125.0
2013.0,MDKJ Perera,14.0
2013.0,MEK Hussey,733.0
2013.0,MG Johnson,39.0
2013.0,MK Pandey,136.0
2013.0,MK Tiwary,146.0
2013.0,MM Patel,0.0
2013.0,MM Sharma,0.0
2013.0,MN Samuels,8.0
2013.0,MR Marsh,140.0
2013.0,MS Bisla,255.0
2013.0,MS Dhoni,461.0
2013.0,MS Gony,45.0
2013.0,Mandeep Singh,260.0
2013.0,Mohammed Shami,5.0
2013.0,NLTC Perera,233.0
2013.0,NM Coulter-Nile,9.0
2013.0,NV Ojha,9.0
2013.0,OA Shah,25.0
2013.0,P Awana,1.0
2013.0,P Dogra,5.0
2013.0,P Kumar,47.0
2013.0,PA Patel,294.0
2013.0,PA Reddy,91.0
2013.0,PC Valthaty,6.0
2013.0,PJ Sangwan,4.0
2013.0,PP Chawla,64.0
2013.0,PP Ojha,2.0
2013.0,PV Tambe,3.0
2013.0,Parvez Rasool,5.0
2013.0,Q de Kock,6.0
2013.0,R Ashwin,35.0
2013.0,R Bhatia,99.0
2013.0,R Dhawan,21.0
2013.0,R Dravid,471.0
2013.0,R McLaren,3.0
2013.0,R Rampaul,38.0
2013.0,R Sathish,109.0
2013.0,R Sharma,11.0
2013.0,R Shukla,1.0
2013.0,R Vinay Kumar,70.0
2013.0,RA Jadeja,201.0
2013.0,RE van der Merwe,22.0
2013.0,RG Sharma,538.0
2013.0,RJ Harris,2.0
2013.0,RN ten Doeschate,85.0
2013.0,RT Ponting,52.0
2013.0,RV Gomez,4.0
2013.0,RV Uthappa,434.0
2013.0,S Anirudha,0.0
2013.0,S Badrinath,124.0
2013.0,S Dhawan,311.0
2013.0,S Kaul,7.0
2013.0,S Nadeem,14.0
2013.0,S Narwal,23.0
2013.0,S Sreesanth,1.0
2013.0,SE Marsh,300.0
2013.0,SK Raina,548.0
2013.0,SK Trivedi,3.0
2013.0,SL Malinga,9.0
2013.0,SMSM Senanayake,10.0
2013.0,SP Narine,21.0
2013.0,SPD Smith,159.0
2013.0,SR Tendulkar,287.0
2013.0,SR Watson,543.0
2013.0,SS Tiwary,109.0
2013.0,STR Binny,293.0
2013.0,SV Samson,206.0
2013.0,SW Tait,1.0
2013.0,Sachin Baby,3.0
2013.0,Sandeep Sharma,0.0
2013.0,TL Suman,52.0
2013.0,TM Dilshan,76.0
2013.0,UA Birla,7.0
2013.0,UBT Chand,158.0
2013.0,UT Yadav,38.0
2013.0,V Kohli,634.0
2013.0,V Sehwag,295.0
2013.0,WD Parnell,5.0
2013.0,WP Saha,70.0
2013.0,X Thalaivan Sargunam,10.0
2013.0,YK Pathan,332.0
2013.0,Yuvraj Singh,238.0
2014.0,A Mishra,4.0
2014.0,AB Dinda,4.0
2014.0,AB de Villiers,395.0
2014.0,AD Russell,2.0
2014.0,AJ Finch,309.0
2014.0,AM Nayar,43.0
2014.0,AM Rahane,339.0
2014.0,AN Ahmed,4.0
2014.0,AP Tare,126.0
2014.0,AR Patel,62.0
2014.0,AT Rayudu,361.0
2014.0,Ankit Sharma,34.0
2014.0,B Kumar,1.0
2014.0,BB McCullum,405.0
2014.0,BCJ Cutting,8.0
2014.0,BE Hendricks,0.0
2014.0,BJ Hodge,101.0
2014.0,BR Dunk,40.0
2014.0,BW Hilfenhaus,0.0
2014.0,CA Lynn,58.0
2014.0,CA Pujara,125.0
2014.0,CH Gayle,196.0
2014.0,CJ Anderson,265.0
2014.0,CM Gautam,121.0
2014.0,DA Miller,446.0
2014.0,DA Warner,528.0
2014.0,DH Yagnik,4.0
2014.0,DJ Bravo,8.0
2014.0,DJ Hussey,116.0
2014.0,DJG Sammy,108.0
2014.0,DR Smith,566.0
2014.0,DS Kulkarni,35.0
2014.0,DW Steyn,22.0
2014.0,F du Plessis,303.0
2014.0,G Gambhir,335.0
2014.0,GJ Bailey,257.0
2014.0,GJ Maxwell,552.0
2014.0,HV Patel,13.0
2014.0,Harbhajan Singh,28.0
2014.0,IK Pathan,55.0
2014.0,Imran Tahir,8.0
2014.0,JA Morkel,45.0
2014.0,JD Unadkat,1.0
2014.0,JDS Neesham,42.0
2014.0,JH Kallis,151.0
2014.0,JJ Bumrah,1.0
2014.0,JO Holder,16.0
2014.0,JP Duminy,410.0
2014.0,JP Faulkner,181.0
2014.0,KA Pollard,273.0
2014.0,KD Karthik,325.0
2014.0,KK Cooper,39.0
2014.0,KK Nair,330.0
2014.0,KL Rahul,166.0
2014.0,KM Jadhav,149.0
2014.0,KP Pietersen,294.0
2014.0,KV Sharma,42.0
2014.0,KW Richardson,1.0
2014.0,Karanveer Singh,1.0
2014.0,L Balaji,1.0
2014.0,LMP Simmons,394.0
2014.0,LR Shukla,31.0
2014.0,LRPL Taylor,59.0
2014.0,M Manhas,35.0
2014.0,M Morkel,4.0
2014.0,M Vijay,207.0
2014.0,M Vohra,324.0
2014.0,M de Lange,1.0
2014.0,MA Agarwal,115.0
2014.0,MA Starc,85.0
2014.0,MC Henriques,9.0
2014.0,MEK Hussey,209.0
2014.0,MG Johnson,56.0
2014.0,MK Pandey,401.0
2014.0,MK Tiwary,152.0
2014.0,MM Sharma,1.0
2014.0,MS Bisla,3.0
2014.0,MS Dhoni,371.0
2014.0,Mandeep Singh,24.0
2014.0,Mohammed Shami,3.0
2014.0,NJ Maddinson,16.0
2014.0,NM Coulter-Nile,0.0
2014.0,NV Ojha,232.0
2014.0,P Kumar,1.0
2014.0,PA Patel,205.0
2014.0,PP Chawla,31.0
2014.0,PP Ojha,4.0
2014.0,PV Tambe,5.0
2014.0,Parvez Rasool,0.0
2014.0,Q de Kock,153.0
2014.0,R Ashwin,45.0
2014.0,R Bhatia,67.0
2014.0,R Dhawan,82.0
2014.0,R Rampaul,13.0
2014.0,R Shukla,18.0
2014.0,R Tewatia,16.0
2014.0,R Vinay Kumar,4.0
2014.0,RA Jadeja,146.0
2014.0,RG Sharma,390.0
2014.0,RN ten Doeschate,52.0
2014.0,RR Rossouw,39.0
2014.0,RV Uthappa,660.0
2014.0,S Anirudha,3.0
2014.0,S Dhawan,377.0
2014.0,S Gopal,11.0
2014.0,S Kaul,2.0
2014.0,S Nadeem,7.0
2014.0,S Rana,73.0
2014.0,SA Yadav,164.0
2014.0,SE Marsh,70.0
2014.0,SK Raina,523.0
2014.0,SL Malinga,2.0
2014.0,SP Narine,10.0
2014.0,SPD Smith,147.0
2014.0,SR Watson,240.0
2014.0,STR Binny,123.0
2014.0,SV Samson,339.0
2014.0,Sandeep Sharma,2.0
2014.0,Shakib Al Hasan,227.0
2014.0,Shivam Sharma,5.0
2014.0,TG Southee,4.0
2014.0,UBT Chand,2.0
2014.0,UT Yadav,2.0
2014.0,V Kohli,359.0
2014.0,V Sehwag,455.0
2014.0,VH Zol,29.0
2014.0,VR Aaron,35.0
2014.0,VS Malik,1.0
2014.0,WD Parnell,2.0
2014.0,WP Saha,362.0
2014.0,Y Venugopal Rao,71.0
2014.0,YK Pathan,268.0
2014.0,YS Chahal,1.0
2014.0,YV Takawale,104.0
2014.0,Yuvraj Singh,376.0
2014.0,Z Khan,8.0
2015.0,A Ashish Reddy,73.0
2015.0,A Mishra,8.0
2015.0,A Nehra,1.0
2015.0,AB de Villiers,513.0
2015.0,AD Mathews,144.0
2015.0,AD Russell,326.0
2015.0,AJ Finch,23.0
2015.0,AM Rahane,540.0
2015.0,AN Ahmed,10.0
2015.0,AP Tare,14.0
2015.0,AR Patel,206.0
2015.0,AT Rayudu,281.0
2015.0,Ankit Sharma,7.0
2015.0,Anureet Singh,18.0
2015.0,Azhar Mahmood,6.0
2015.0,B Kumar,17.0
2015.0,BB McCullum,436.0
2015.0,BE Hendricks,1.0
2015.0,Bipul Sharma,1.0
2015.0,CH Gayle,491.0
2015.0,CH Morris,76.0
2015.0,CJ Anderson,114.0
2015.0,CM Gautam,4.0
2015.0,D Wiese,122.0
2015.0,DA Miller,357.0
2015.0,DA Warner,562.0
2015.0,DJ Bravo,195.0
2015.0,DJ Hooda,151.0
2015.0,DJ Muthuswami,1.0
2015.0,DJG Sammy,13.0
2015.0,DR Smith,399.0
2015.0,DS Kulkarni,4.0
2015.0,DW Steyn,20.0
2015.0,EJG Morgan,187.0
2015.0,F du Plessis,380.0
2015.0,G Gambhir,327.0
2015.0,GB Hogg,7.0
2015.0,GH Vihari,39.0
2015.0,GJ Bailey,259.0
2015.0,GJ Maxwell,145.0
2015.0,Gurkeerat Singh,35.0
2015.0,HH Pandya,112.0
2015.0,HV Patel,19.0
2015.0,Harbhajan Singh,117.0
2015.0,Imran Tahir,5.0
2015.0,Iqbal Abdulla,20.0
2015.0,J Botha,31.0
2015.0,J Suchith,48.0
2015.0,J Theron,1.0
2015.0,JA Morkel,86.0
2015.0,JJ Bumrah,0.0
2015.0,JP Duminy,414.0
2015.0,JP Faulkner,144.0
2015.0,KA Pollard,419.0
2015.0,KD Karthik,141.0
2015.0,KK Nair,181.0
2015.0,KL Rahul,142.0
2015.0,KM Jadhav,189.0
2015.0,KS Williamson,31.0
2015.0,KV Sharma,104.0
2015.0,Karanveer Singh,11.0
2015.0,LMP Simmons,540.0
2015.0,M Morkel,4.0
2015.0,M Vijay,251.0
2015.0,M Vohra,82.0
2015.0,MA Agarwal,213.0
2015.0,MA Starc,11.0
2015.0,MC Henriques,287.0
2015.0,MEK Hussey,77.0
2015.0,MG Johnson,31.0
2015.0,MJ McClenaghan,13.0
2015.0,MK Pandey,225.0
2015.0,MK Tiwary,57.0
2015.0,MM Sharma,28.0
2015.0,MS Bisla,37.0
2015.0,MS Dhoni,372.0
2015.0,Mandeep Singh,157.0
2015.0,NJ Maddinson,4.0
2015.0,NLTC Perera,12.0
2015.0,NM Coulter-Nile,20.0
2015.0,NV Ojha,137.0
2015.0,P Kumar,17.0
2015.0,P Negi,116.0
2015.0,PA Patel,339.0
2015.0,PJ Cummins,0.0
2015.0,PP Chawla,54.0
2015.0,PV Tambe,3.0
2015.0,Parvez Rasool,2.0
2015.0,Q de Kock,122.0
2015.0,R Ashwin,52.0
2015.0,R Bhatia,0.0
2015.0,R Dhawan,36.0
2015.0,R Vinay Kumar,0.0
2015.0,RA Jadeja,132.0
2015.0,RG More,2.0
2015.0,RG Sharma,482.0
2015.0,RN ten Doeschate,61.0
2015.0,RR Rossouw,14.0
2015.0,RS Bopara,145.0
2015.0,RV Uthappa,364.0
2015.0,S Aravind,0.0
2015.0,S Dhawan,353.0
2015.0,S Gopal,1.0
2015.0,S Nadeem,2.0
2015.0,SA Abbott,15.0
2015.0,SA Yadav,157.0
2015.0,SE Marsh,81.0
2015.0,SK Raina,374.0
2015.0,SL Malinga,6.0
2015.0,SN Khan,111.0
2015.0,SN Thakur,7.0
2015.0,SP Narine,0.0
2015.0,SPD Smith,293.0
2015.0,SR Watson,347.0
2015.0,SS Iyer,439.0
2015.0,SS Tiwary,109.0
2015.0,STR Binny,74.0
2015.0,SV Samson,204.0
2015.0,Sandeep Sharma,9.0
2015.0,Shakib Al Hasan,36.0
2015.0,TG Southee,13.0
2015.0,UBT Chand,102.0
2015.0,UT Yadav,29.0
2015.0,V Kohli,505.0
2015.0,V Sehwag,99.0
2015.0,VR Aaron,6.0
2015.0,WP Saha,249.0
2015.0,YK Pathan,312.0
2015.0,YS Chahal,1.0
2015.0,Yuvraj Singh,248.0
2016.0,A Ashish Reddy,47.0
2016.0,A Mishra,4.0
2016.0,A Nehra,1.0
2016.0,A Zampa,0.0
2016.0,AB de Villiers,687.0
2016.0,AD Nath,20.0
2016.0,AD Russell,188.0
2016.0,AJ Finch,393.0
2016.0,AM Rahane,480.0
2016.0,AP Tare,8.0
2016.0,AR Patel,111.0
2016.0,AT Rayudu,334.0
2016.0,Ankit Sharma,3.0
2016.0,B Kumar,43.0
2016.0,BB McCullum,354.0
2016.0,BB Sran,4.0
2016.0,BCJ Cutting,65.0
2016.0,Bipul Sharma,51.0
2016.0,C Munro,30.0
2016.0,CA Lynn,25.0
2016.0,CH Gayle,227.0
2016.0,CH Morris,195.0
2016.0,CJ Jordan,3.0
2016.0,CR Brathwaite,83.0
2016.0,D Wiese,5.0
2016.0,DA Miller,161.0
2016.0,DA Warner,848.0
2016.0,DJ Bravo,99.0
2016.0,DJ Hooda,144.0
2016.0,DR Smith,324.0
2016.0,DS Kulkarni,27.0
2016.0,DW Steyn,1.0
2016.0,EJG Morgan,123.0
2016.0,ER Dwivedi,24.0
2016.0,F Behardien,14.0
2016.0,F du Plessis,206.0
2016.0,G Gambhir,501.0
2016.0,GB Hogg,0.0
2016.0,GJ Bailey,84.0
2016.0,GJ Maxwell,179.0
2016.0,Gurkeerat Singh,113.0
2016.0,HH Pandya,44.0
2016.0,HM Amla,157.0
2016.0,HV Patel,0.0
2016.0,Harbhajan Singh,92.0
2016.0,I Sharma,0.0
2016.0,IK Pathan,11.0
2016.0,Imran Tahir,5.0
2016.0,Iqbal Abdulla,37.0
2016.0,Ishan Kishan,42.0
2016.0,J Yadav,6.0
2016.0,JA Morkel,16.0
2016.0,JC Buttler,255.0
2016.0,JJ Bumrah,8.0
2016.0,JO Holder,22.0
2016.0,JP Duminy,191.0
2016.0,JP Faulkner,77.0
2016.0,KA Pollard,207.0
2016.0,KC Cariappa,13.0
2016.0,KD Karthik,335.0
2016.0,KH Pandya,237.0
2016.0,KJ Abbott,13.0
2016.0,KK Nair,357.0
2016.0,KL Rahul,397.0
2016.0,KM Jadhav,42.0
2016.0,KP Pietersen,73.0
2016.0,KS Williamson,124.0
2016.0,KV Sharma,36.0
2016.0,KW Richardson,1.0
2016.0,LMP Simmons,8.0
2016.0,M Ashwin,0.0
2016.0,M Morkel,1.0
2016.0,M Vijay,453.0
2016.0,M Vohra,161.0
2016.0,MA Agarwal,27.0
2016.0,MC Henriques,182.0
2016.0,MG Johnson,5.0
2016.0,MJ Guptill,57.0
2016.0,MJ McClenaghan,34.0
2016.0,MK Pandey,248.0
2016.0,MM Sharma,32.0
2016.0,MP Stoinis,146.0
2016.0,MR Marsh,7.0
2016.0,MS Dhoni,284.0
2016.0,Mohammed Shami,2.0
2016.0,N Rana,104.0
2016.0,NLTC Perera,150.0
2016.0,NM Coulter-Nile,9.0
2016.0,NS Naik,23.0
2016.0,NV Ojha,136.0
2016.0,P Kumar,24.0
2016.0,P Negi,57.0
2016.0,P Sahu,19.0
2016.0,PA Patel,177.0
2016.0,PP Chawla,27.0
2016.0,PSP Handscomb,6.0
2016.0,PV Tambe,7.0
2016.0,Parvez Rasool,10.0
2016.0,Q de Kock,445.0
2016.0,R Ashwin,41.0
2016.0,R Bhatia,34.0
2016.0,R Dhawan,14.0
2016.0,R Sathish,24.0
2016.0,R Vinay Kumar,13.0
2016.0,RA Jadeja,191.0
2016.0,RG Sharma,489.0
2016.0,RR Pant,198.0
2016.0,RV Uthappa,394.0
2016.0,S Dhawan,501.0
2016.0,S Gopal,2.0
2016.0,S Kaushik,0.0
2016.0,S Nadeem,1.0
2016.0,SA Yadav,182.0
2016.0,SB Jakati,1.0
2016.0,SE Marsh,159.0
2016.0,SK Raina,399.0
2016.0,SN Khan,66.0
2016.0,SP Narine,7.0
2016.0,SPD Smith,270.0
2016.0,SR Watson,179.0
2016.0,SS Iyer,30.0
2016.0,SS Tiwary,170.0
2016.0,STR Binny,63.0
2016.0,SV Samson,291.0
2016.0,SW Billings,88.0
2016.0,Sachin Baby,119.0
2016.0,Sandeep Sharma,8.0
2016.0,Shakib Al Hasan,114.0
2016.0,Swapnil Singh,0.0
2016.0,TG Southee,30.0
2016.0,TM Head,54.0
2016.0,UBT Chand,0.0
2016.0,UT Khawaja,127.0
2016.0,UT Yadav,9.0
2016.0,V Kohli,973.0
2016.0,VR Aaron,0.0
2016.0,WP Saha,270.0
2016.0,YK Pathan,361.0
2016.0,Yuvraj Singh,236.0
2016.0,Z Khan,6.0
2017.0,A Choudhary,25.0
2017.0,A Mishra,49.0
2017.0,A Nehra,0.0
2017.0,A Zampa,5.0
2017.0,AB Dinda,7.0
2017.0,AB de Villiers,216.0
2017.0,AD Mathews,32.0
2017.0,AD Nath,0.0
2017.0,AF Milne,7.0
2017.0,AJ Finch,299.0
2017.0,AJ Tye,53.0
2017.0,AM Rahane,382.0
2017.0,AP Tare,18.0
2017.0,AR Bawne,12.0
2017.0,AR Patel,227.0
2017.0,AS Rajpoot,4.0
2017.0,AT Rayudu,91.0
2017.0,Ankit Sharma,25.0
2017.0,Ankit Soni,7.0
2017.0,Anureet Singh,15.0
2017.0,B Kumar,4.0
2017.0,BA Stokes,316.0
2017.0,BB McCullum,319.0
2017.0,BCJ Cutting,51.0
2017.0,Basil Thampi,28.0
2017.0,Bipul Sharma,31.0
2017.0,C de Grandhomme,126.0
2017.0,CA Lynn,295.0
2017.0,CH Gayle,200.0
2017.0,CH Morris,154.0
2017.0,CJ Anderson,142.0
2017.0,CJ Jordan,0.0
2017.0,CR Brathwaite,12.0
2017.0,CR Woakes,46.0
2017.0,DA Miller,83.0
2017.0,DA Warner,641.0
2017.0,DJ Hooda,78.0
2017.0,DL Chahar,14.0
2017.0,DM Bravo,6.0
2017.0,DR Smith,239.0
2017.0,DS Kulkarni,1.0
2017.0,DT Christian,79.0
2017.0,EJG Morgan,65.0
2017.0,F du Plessis,8.0
2017.0,G Gambhir,498.0
2017.0,GJ Maxwell,310.0
2017.0,HH Pandya,250.0
2017.0,HM Amla,420.0
2017.0,Harbhajan Singh,16.0
2017.0,I Sharma,8.0
2017.0,IK Pathan,2.0
2017.0,IR Jaggi,33.0
2017.0,Imran Tahir,0.0
2017.0,Iqbal Abdulla,5.0
2017.0,Ishan Kishan,277.0
2017.0,JC Buttler,272.0
2017.0,JD Unadkat,2.0
2017.0,JJ Bumrah,16.0
2017.0,JJ Roy,59.0
2017.0,JP Faulkner,54.0
2017.0,K Rabada,55.0
2017.0,KA Pollard,385.0
2017.0,KC Cariappa,2.0
2017.0,KD Karthik,361.0
2017.0,KH Pandya,243.0
2017.0,KK Nair,281.0
2017.0,KM Jadhav,267.0
2017.0,KS Williamson,256.0
2017.0,KV Sharma,49.0
2017.0,Kuldeep Yadav,20.0
2017.0,LH Ferguson,1.0
2017.0,LMP Simmons,137.0
2017.0,M Vohra,229.0
2017.0,MA Agarwal,26.0
2017.0,MC Henriques,277.0
2017.0,MG Johnson,20.0
2017.0,MJ Guptill,132.0
2017.0,MJ McClenaghan,16.0
2017.0,MK Pandey,396.0
2017.0,MK Tiwary,324.0
2017.0,MM Patel,0.0
2017.0,MM Sharma,51.0
2017.0,MN Samuels,29.0
2017.0,MP Stoinis,17.0
2017.0,MS Dhoni,290.0
2017.0,Mandeep Singh,188.0
2017.0,Mohammad Nabi,2.0
2017.0,Mohammed Shami,36.0
2017.0,N Rana,333.0
2017.0,NM Coulter-Nile,14.0
2017.0,NV Ojha,79.0
2017.0,P Kumar,8.0
2017.0,P Negi,144.0
2017.0,PA Patel,395.0
2017.0,PJ Cummins,77.0
2017.0,PJ Sangwan,2.0
2017.0,PP Chawla,2.0
2017.0,R Bhatia,16.0
2017.0,R Tewatia,19.0
2017.0,RA Jadeja,158.0
2017.0,RA Tripathi,391.0
2017.0,RD Chahar,3.0
2017.0,RG Sharma,333.0
2017.0,RR Pant,366.0
2017.0,RV Uthappa,388.0
2017.0,Rashid Khan,11.0
2017.0,S Aravind,32.0
2017.0,S Badree,13.0
2017.0,S Dhawan,479.0
2017.0,S Kaul,0.0
2017.0,S Nadeem,2.0
2017.0,SA Yadav,105.0
2017.0,SE Marsh,264.0
2017.0,SK Raina,442.0
2017.0,SL Malinga,7.0
2017.0,SN Thakur,0.0
2017.0,SP Jackson,38.0
2017.0,SP Narine,224.0
2017.0,SPD Smith,472.0
2017.0,SR Watson,71.0
2017.0,SS Iyer,338.0
2017.0,SS Tiwary,52.0
2017.0,STR Binny,78.0
2017.0,SV Samson,386.0
2017.0,SW Billings,138.0
2017.0,Sachin Baby,15.0
2017.0,Sandeep Sharma,7.0
2017.0,Shakib Al Hasan,1.0
2017.0,Swapnil Singh,12.0
2017.0,TA Boult,5.0
2017.0,TG Southee,7.0
2017.0,TM Head,151.0
2017.0,TS Mills,8.0
2017.0,UT Yadav,10.0
2017.0,V Kohli,308.0
2017.0,V Shankar,101.0
2017.0,VR Aaron,4.0
2017.0,Vishnu Vinod,19.0
2017.0,WP Saha,234.0
2017.0,Washington Sundar,9.0
2017.0,YK Pathan,143.0
2017.0,YS Chahal,13.0
2017.0,Yuvraj Singh,252.0
2017.0,Z Khan,4.0
2018.0,A Dananjaya,4.0
2018.0,A Mishra,1.0
2018.0,AB de Villiers,480.0
2018.0,AD Hales,148.0
2018.0,AD Nath,9.0
2018.0,AD Russell,316.0
2018.0,AJ Finch,134.0
2018.0,AJ Tye,32.0
2018.0,AM Rahane,370.0
2018.0,AR Patel,80.0
2018.0,AS Rajpoot,11.0
2018.0,AT Rayudu,602.0
2018.0,Abhishek Sharma,63.0
2018.0,Anureet Singh,3.0
2018.0,B Kumar,13.0
2018.0,B Laughlin,1.0
2018.0,B Stanlake,5.0
2018.0,BA Stokes,196.0
2018.0,BB McCullum,127.0
2018.0,BB Sran,3.0
2018.0,BCJ Cutting,96.0
2018.0,Basil Thampi,3.0
2018.0,C Munro,63.0
2018.0,C de Grandhomme,131.0
2018.0,CA Lynn,491.0
2018.0,CH Gayle,368.0
2018.0,CH Morris,46.0
2018.0,CJ Anderson,17.0
2018.0,CR Brathwaite,75.0
2018.0,CR Woakes,17.0
2018.0,DA Miller,74.0
2018.0,DJ Bravo,141.0
2018.0,DJ Hooda,87.0
2018.0,DJM Short,115.0
2018.0,DL Chahar,50.0
2018.0,DR Shorey,8.0
2018.0,DS Kulkarni,6.0
2018.0,DT Christian,26.0
2018.0,E Lewis,382.0
2018.0,F du Plessis,162.0
2018.0,G Gambhir,85.0
2018.0,GJ Maxwell,169.0
2018.0,H Klaasen,57.0
2018.0,HH Pandya,260.0
2018.0,HV Patel,60.0
2018.0,Harbhajan Singh,29.0
2018.0,IS Sodhi,1.0
2018.0,Imran Tahir,2.0
2018.0,Ishan Kishan,275.0
2018.0,JC Archer,15.0
2018.0,JC Buttler,548.0
2018.0,JD Unadkat,49.0
2018.0,JJ Bumrah,10.0
2018.0,JJ Roy,120.0
2018.0,JP Duminy,36.0
2018.0,JPR Scantlebury-Searles,8.0
2018.0,K Gowtham,126.0
2018.0,KA Pollard,133.0
2018.0,KD Karthik,498.0
2018.0,KH Pandya,228.0
2018.0,KK Nair,301.0
2018.0,KL Rahul,659.0
2018.0,KM Jadhav,24.0
2018.0,KS Williamson,735.0
2018.0,KV Sharma,0.0
2018.0,Kuldeep Yadav,12.0
2018.0,LE Plunkett,1.0
2018.0,M Ashwin,1.0
2018.0,M Markande,21.0
2018.0,M Prasidh Krishna,1.0
2018.0,M Vijay,12.0
2018.0,M Vohra,55.0
2018.0,MA Agarwal,120.0
2018.0,MA Wood,1.0
2018.0,MG Johnson,16.0
2018.0,MJ McClenaghan,11.0
2018.0,MK Lomror,20.0
2018.0,MK Pandey,284.0
2018.0,MK Tiwary,47.0
2018.0,MM Ali,77.0
2018.0,MM Sharma,10.0
2018.0,MP Stoinis,99.0
2018.0,MS Dhoni,455.0
2018.0,Mandeep Singh,252.0
2018.0,Mohammad Nabi,18.0
2018.0,Mohammed Shami,7.0
2018.0,Mohammed Siraj,25.0
2018.0,Mujeeb Ur Rahman,10.0
2018.0,Mustafizur Rahman,1.0
2018.0,N Rana,304.0
2018.0,NV Ojha,1.0
2018.0,P Chopra,8.0
2018.0,P Negi,3.0
2018.0,PA Patel,153.0
2018.0,PJ Sangwan,0.0
2018.0,PP Chawla,27.0
2018.0,PP Shaw,245.0
2018.0,Q de Kock,201.0
2018.0,R Ashwin,102.0
2018.0,R Tewatia,50.0
2018.0,R Vinay Kumar,6.0
2018.0,RA Jadeja,89.0
2018.0,RA Tripathi,226.0
2018.0,RG Sharma,286.0
2018.0,RK Bhui,0.0
2018.0,RK Singh,29.0
2018.0,RR Pant,684.0
2018.0,RV Uthappa,351.0
2018.0,Rashid Khan,59.0
2018.0,S Dhawan,497.0
2018.0,S Gopal,50.0
2018.0,S Kaul,3.0
2018.0,S Nadeem,6.0
2018.0,SA Yadav,512.0
2018.0,SK Raina,445.0
2018.0,SN Khan,51.0
2018.0,SN Thakur,15.0
2018.0,SP Goswami,52.0
2018.0,SP Narine,357.0
2018.0,SR Watson,555.0
2018.0,SS Iyer,411.0
2018.0,STR Binny,44.0
2018.0,SV Samson,441.0
2018.0,SW Billings,108.0
2018.0,Sandeep Sharma,0.0
2018.0,Shakib Al Hasan,239.0
2018.0,Shivam Mavi,13.0
2018.0,Shubman Gill,203.0
2018.0,TA Boult,0.0
2018.0,TG Southee,52.0
2018.0,TK Curran,23.0
2018.0,UT Yadav,3.0
2018.0,V Kohli,530.0
2018.0,V Shankar,212.0
2018.0,WP Saha,122.0
2018.0,Washington Sundar,65.0
2018.0,YK Pathan,260.0
2018.0,YS Chahal,0.0
2018.0,Yuvraj Singh,65.0
2019.0,A Mishra,21.0
2019.0,AB de Villiers,442.0
2019.0,AD Nath,61.0
2019.0,AD Russell,510.0
2019.0,AJ Turner,3.0
2019.0,AJ Tye,0.0
2019.0,AM Rahane,393.0
2019.0,AR Patel,110.0
2019.0,AS Joseph,15.0
2019.0,AT Rayudu,282.0
2019.0,Abhishek Sharma,9.0
2019.0,Avesh Khan,4.0
2019.0,B Kumar,12.0
2019.0,BA Stokes,123.0
2019.0,BB Sran,3.0
2019.0,BCJ Cutting,18.0
2019.0,Basil Thampi,1.0
2019.0,C Munro,84.0
2019.0,C de Grandhomme,46.0
2019.0,CA Ingram,184.0
2019.0,CA Lynn,405.0
2019.0,CH Gayle,490.0
2019.0,CH Morris,32.0
2019.0,CR Brathwaite,11.0
2019.0,DA Miller,213.0
2019.0,DA Warner,692.0
2019.0,DJ Bravo,80.0
2019.0,DJ Hooda,64.0
2019.0,DL Chahar,7.0
2019.0,DR Shorey,5.0
2019.0,DS Kulkarni,5.0
2019.0,DW Steyn,0.0
2019.0,E Lewis,48.0
2019.0,F du Plessis,396.0
2019.0,GC Viljoen,3.0
2019.0,GH Vihari,4.0
2019.0,Gurkeerat Singh,98.0
2019.0,H Klaasen,9.0
2019.0,HF Gurney,1.0
2019.0,HH Pandya,402.0
2019.0,HV Patel,0.0
2019.0,Harbhajan Singh,1.0
2019.0,Harpreet Brar,20.0
2019.0,I Sharma,10.0
2019.0,IS Sodhi,6.0
2019.0,Imran Tahir,0.0
2019.0,Ishan Kishan,101.0
2019.0,J Suchith,6.0
2019.0,JC Archer,67.0
2019.0,JC Buttler,311.0
2019.0,JD Unadkat,1.0
2019.0,JJ Bumrah,0.0
2019.0,JL Denly,0.0
2019.0,JM Bairstow,445.0
2019.0,K Gowtham,18.0
2019.0,K Rabada,14.0
2019.0,KA Pollard,279.0
2019.0,KC Cariappa,9.0
2019.0,KD Karthik,253.0
2019.0,KH Pandya,183.0
2019.0,KK Ahmed,0.0
2019.0,KK Nair,5.0
2019.0,KL Rahul,593.0
2019.0,KM Jadhav,162.0
2019.0,KMA Paul,18.0
2019.0,KS Williamson,156.0
2019.0,Kuldeep Yadav,12.0
2019.0,LS Livingstone,70.0
2019.0,M Ashwin,3.0
2019.0,M Markande,6.0
2019.0,M Prasidh Krishna,0.0
2019.0,M Vijay,64.0
2019.0,MA Agarwal,332.0
2019.0,MJ Guptill,81.0
2019.0,MJ McClenaghan,11.0
2019.0,MJ Santner,32.0
2019.0,MK Lomror,8.0
2019.0,MK Pandey,344.0
2019.0,MM Ali,220.0
2019.0,MM Sharma,0.0
2019.0,MP Stoinis,211.0
2019.0,MS Dhoni,416.0
2019.0,Mandeep Singh,165.0
2019.0,Mohammad Nabi,115.0
2019.0,Mohammed Shami,1.0
2019.0,Mohammed Siraj,4.0
2019.0,Mujeeb Ur Rahman,0.0
2019.0,N Pooran,168.0
2019.0,N Rana,344.0
2019.0,NA Saini,2.0
2019.0,NS Naik,7.0
2019.0,P Negi,9.0
2019.0,P Ray Barman,19.0
2019.0,PA Patel,373.0
2019.0,PP Chawla,42.0
2019.0,PP Shaw,353.0
2019.0,Prabhsimran Singh,16.0
2019.0,Q de Kock,529.0
2019.0,R Ashwin,42.0
2019.0,R Parag,160.0
2019.0,R Tewatia,26.0
2019.0,RA Jadeja,106.0
2019.0,RA Tripathi,141.0
2019.0,RD Chahar,12.0
2019.0,RG Sharma,405.0
2019.0,RK Bhui,7.0
2019.0,RK Singh,37.0
2019.0,RR Pant,488.0
2019.0,RV Uthappa,282.0
2019.0,Rashid Khan,34.0
2019.0,Rasikh Salam,5.0
2019.0,S Dhawan,521.0
2019.0,S Dube,40.0
2019.0,S Gopal,63.0
2019.0,S Kaul,0.0
2019.0,S Lamichhane,0.0
2019.0,SA Yadav,424.0
2019.0,SD Lad,15.0
2019.0,SE Rutherford,73.0
2019.0,SK Raina,383.0
2019.0,SM Curran,95.0
2019.0,SN Khan,180.0
2019.0,SN Thakur,14.0
2019.0,SO Hetmyer,90.0
2019.0,SP Narine,143.0
2019.0,SPD Smith,319.0
2019.0,SR Watson,398.0
2019.0,SS Iyer,463.0
2019.0,STR Binny,70.0
2019.0,SV Samson,342.0
2019.0,SW Billings,0.0
2019.0,Sandeep Sharma,6.0
2019.0,Shakib Al Hasan,9.0
2019.0,Shubman Gill,296.0
2019.0,TA Boult,7.0
2019.0,TG Southee,9.0
2019.0,UT Yadav,25.0
2019.0,V Kohli,464.0
2019.0,V Shankar,244.0
2019.0,VR Aaron,3.0
2019.0,WP Saha,86.0
2019.0,Washington Sundar,1.0
2019.0,Y Prithvi Raj,0.0
2019.0,YK Pathan,40.0
2019.0,YS Chahal,6.0
2019.0,Yuvraj Singh,98.0
2020.0,A Nortje,7.0
2020.0,AB de Villiers,454.0
2020.0,AD Russell,117.0
2020.0,AJ Finch,268.0
2020.0,AJ Tye,6.0
2020.0,AM Rahane,113.0
2020.0,AR Patel,117.0
2020.0,AS Rajpoot,9.0
2020.0,AT Carey,32.0
2020.0,AT Rayudu,359.0
2020.0,Abdul Samad,111.0
2020.0,Abhishek Sharma,71.0
2020.0,Arshdeep Singh,0.0
2020.0,B Kumar,0.0
2020.0,BA Stokes,285.0
2020.0,CH Gayle,288.0
2020.0,CH Morris,34.0
2020.0,CJ Jordan,29.0
2020.0,CV Varun,10.0
2020.0,D Padikkal,473.0
2020.0,DA Miller,0.0
2020.0,DA Warner,548.0
2020.0,DJ Bravo,7.0
2020.0,DJ Hooda,101.0
2020.0,DL Chahar,7.0
2020.0,DR Sams,0.0
2020.0,DS Kulkarni,3.0
2020.0,DW Steyn,1.0
2020.0,EJG Morgan,418.0
2020.0,F du Plessis,449.0
2020.0,GJ Maxwell,108.0
2020.0,Gurkeerat Singh,71.0
2020.0,HH Pandya,281.0
2020.0,HV Patel,21.0
2020.0,I Udana,15.0
2020.0,Imran Tahir,13.0
2020.0,Ishan Kishan,516.0
2020.0,JC Archer,113.0
2020.0,JC Buttler,328.0
2020.0,JD Unadkat,9.0
2020.0,JDS Neesham,19.0
2020.0,JJ Bumrah,5.0
2020.0,JL Pattinson,15.0
2020.0,JM Bairstow,345.0
2020.0,JO Holder,66.0
2020.0,JR Philippe,78.0
2020.0,K Gowtham,42.0
2020.0,K Rabada,56.0
2020.0,KA Pollard,268.0
2020.0,KD Karthik,169.0
2020.0,KH Pandya,109.0
2020.0,KK Ahmed,0.0
2020.0,KK Nair,16.0
2020.0,KL Nagarkoti,22.0
2020.0,KL Rahul,670.0
2020.0,KM Jadhav,62.0
2020.0,KS Williamson,317.0
2020.0,Kartik Tyagi,4.0
2020.0,Kuldeep Yadav,13.0
2020.0,LH Ferguson,43.0
2020.0,M Ashwin,4.0
2020.0,M Prasidh Krishna,2.0
2020.0,M Vijay,32.0
2020.0,MA Agarwal,424.0
2020.0,MK Lomror,59.0
2020.0,MK Pandey,425.0
2020.0,MM Ali,12.0
2020.0,MP Stoinis,352.0
2020.0,MR Marsh,0.0
2020.0,MS Dhoni,200.0
2020.0,Mandeep Singh,130.0
2020.0,Mohammad Nabi,11.0
2020.0,Mohammed Shami,2.0
2020.0,Mohammed Siraj,17.0
2020.0,Mujeeb Ur Rahman,1.0
2020.0,N Jagadeesan,33.0
2020.0,N Pooran,353.0
2020.0,N Rana,352.0
2020.0,NA Saini,27.0
2020.0,NM Coulter-Nile,25.0
2020.0,NS Naik,1.0
2020.0,P Dubey,7.0
2020.0,PJ Cummins,146.0
2020.0,PK Garg,133.0
2020.0,PP Shaw,228.0
2020.0,Prabhsimran Singh,15.0
2020.0,Q de Kock,503.0
2020.0,R Ashwin,37.0
2020.0,R Parag,86.0
2020.0,R Tewatia,255.0
2020.0,RA Jadeja,232.0
2020.0,RA Tripathi,230.0
2020.0,RD Chahar,2.0
2020.0,RD Gaikwad,204.0
2020.0,RG Sharma,332.0
2020.0,RK Singh,11.0
2020.0,RR Pant,343.0
2020.0,RV Uthappa,196.0
2020.0,Rashid Khan,35.0
2020.0,Ravi Bishnoi,7.0
2020.0,S Dhawan,618.0
2020.0,S Dube,129.0
2020.0,S Gopal,37.0
2020.0,S Nadeem,7.0
2020.0,SA Yadav,480.0
2020.0,SM Curran,186.0
2020.0,SN Khan,33.0
2020.0,SN Thakur,12.0
2020.0,SO Hetmyer,185.0
2020.0,SP Goswami,0.0
2020.0,SP Narine,121.0
2020.0,SPD Smith,311.0
2020.0,SR Watson,299.0
2020.0,SS Cottrell,0.0
2020.0,SS Iyer,519.0
2020.0,SS Tiwary,103.0
2020.0,SV Samson,375.0
2020.0,Sandeep Sharma,12.0
2020.0,Shahbaz Ahmed,1.0
2020.0,Shivam Mavi,10.0
2020.0,Shubman Gill,440.0
2020.0,T Banton,18.0
2020.0,T Natarajan,3.0
2020.0,TA Boult,0.0
2020.0,TK Curran,83.0
2020.0,TU Deshpande,21.0
2020.0,UT Yadav,0.0
2020.0,V Kohli,466.0
2020.0,V Shankar,97.0
2020.0,VR Aaron,1.0
2020.0,WP Saha,214.0
2020.0,Washington Sundar,111.0
2020.0,YBK Jaiswal,40.0
2020.0,YS Chahal,1.0
2021.0,AB de Villiers,313.0
2021.0,AD Russell,183.0
2021.0,AF Milne,16.0
2021.0,AK Markram,146.0
2021.0,AM Rahane,8.0
2021.0,AR Patel,40.0
2021.0,AT Rayudu,257.0
2021.0,Abdul Samad,111.0
2021.0,Abhishek Sharma,98.0
2021.0,Anmolpreet Singh,16.0
2021.0,Anuj Rawat,0.0
2021.0,Arshdeep Singh,2.0
2021.0,Avesh Khan,5.0
2021.0,B Kumar,34.0
2021.0,BA Stokes,0.0
2021.0,C Sakariya,16.0
2021.0,CA Lynn,49.0
2021.0,CH Gayle,193.0
2021.0,CH Morris,67.0
2021.0,CJ Jordan,32.0
2021.0,CR Woakes,15.0
2021.0,CV Varun,2.0
2021.0,D Padikkal,411.0
2021.0,DA Miller,124.0
2021.0,DA Warner,195.0
2021.0,DJ Bravo,47.0
2021.0,DJ Hooda,160.0
2021.0,DJ Malan,26.0
2021.0,DL Chahar,1.0
2021.0,DR Sams,6.0
2021.0,DS Kulkarni,0.0
2021.0,DT Christian,14.0
2021.0,E Lewis,151.0
2021.0,EJG Morgan,133.0
2021.0,F du Plessis,633.0
2021.0,FA Allen,6.0
2021.0,GD Phillips,26.0
2021.0,GHS Garton,2.0
2021.0,GJ Maxwell,513.0
2021.0,HH Pandya,127.0
2021.0,HV Patel,59.0
2021.0,Harbhajan Singh,4.0
2021.0,Harpreet Brar,64.0
2021.0,Ishan Kishan,241.0
2021.0,J Suchith,14.0
2021.0,J Yadav,34.0
2021.0,JA Richardson,15.0
2021.0,JC Buttler,254.0
2021.0,JD Unadkat,41.0
2021.0,JDS Neesham,0.0
2021.0,JJ Bumrah,16.0
2021.0,JJ Roy,150.0
2021.0,JM Bairstow,248.0
2021.0,JO Holder,85.0
2021.0,K Rabada,13.0
2021.0,K Yadav,0.0
2021.0,KA Jamieson,65.0
2021.0,KA Pollard,245.0
2021.0,KD Karthik,223.0
2021.0,KH Pandya,143.0
2021.0,KK Ahmed,1.0
2021.0,KL Nagarkoti,0.0
2021.0,KL Rahul,626.0
2021.0,KM Jadhav,55.0
2021.0,KS Bharat,191.0
2021.0,KS Williamson,266.0
2021.0,Kartik Tyagi,2.0
2021.0,LH Ferguson,18.0
2021.0,LS Livingstone,42.0
2021.0,Lalit Yadav,68.0
2021.0,M Ashwin,15.0
2021.0,M Jansen,0.0
2021.0,M Prasidh Krishna,0.0
2021.0,M Shahrukh Khan,153.0
2021.0,M Vohra,42.0
2021.0,MA Agarwal,441.0
2021.0,MC Henriques,31.0
2021.0,MK Lomror,94.0
2021.0,MK Pandey,292.0
2021.0,MM Ali,357.0
2021.0,MP Stoinis,89.0
2021.0,MS Dhoni,114.0
2021.0,Mandeep Singh,15.0
2021.0,Mohammad Nabi,34.0
2021.0,Mohammed Shami,13.0
2021.0,Mohammed Siraj,20.0
2021.0,Mujeeb Ur Rahman,1.0
2021.0,Mustafizur Rahman,8.0
2021.0,N Pooran,85.0
2021.0,N Rana,383.0
2021.0,NA Saini,2.0
2021.0,NM Coulter-Nile,4.0
2021.0,NT Ellis,18.0
2021.0,PJ Cummins,93.0
2021.0,PK Garg,72.0
2021.0,PP Chawla,0.0
2021.0,PP Shaw,479.0
2021.0,PWH de Silva,1.0
2021.0,Prabhsimran Singh,19.0
2021.0,Q de Kock,297.0
2021.0,R Ashwin,44.0
2021.0,R Parag,93.0
2021.0,R Tewatia,155.0
2021.0,RA Jadeja,227.0
2021.0,RA Tripathi,397.0
2021.0,RD Chahar,14.0
2021.0,RD Gaikwad,635.0
2021.0,RG Sharma,381.0
2021.0,RM Patidar,71.0
2021.0,RP Meredith,0.0
2021.0,RR Pant,419.0
2021.0,RV Patel,25.0
2021.0,RV Uthappa,115.0
2021.0,Rashid Khan,83.0
2021.0,Ravi Bishnoi,1.0
2021.0,S Dhawan,587.0
2021.0,S Dube,230.0
2021.0,S Gopal,7.0
2021.0,S Kaul,8.0
2021.0,S Nadeem,0.0
2021.0,SA Yadav,317.0
2021.0,SK Raina,160.0
2021.0,SM Curran,56.0
2021.0,SN Khan,0.0
2021.0,SN Thakur,5.0
2021.0,SO Hetmyer,242.0
2021.0,SP Narine,62.0
2021.0,SPD Smith,152.0
2021.0,SS Iyer,175.0
2021.0,SS Tiwary,115.0
2021.0,SV Samson,484.0
2021.0,Sachin Baby,7.0
2021.0,Sandeep Sharma,8.0
2021.0,Shahbaz Ahmed,59.0
2021.0,Shakib Al Hasan,47.0
2021.0,Shivam Mavi,25.0
2021.0,Shubman Gill,478.0
2021.0,T Natarajan,0.0
2021.0,T Shamsi,2.0
2021.0,TA Boult,1.0
2021.0,TG Southee,3.0
2021.0,TH David,1.0
2021.0,TK Curran,21.0
2021.0,TL Seifert,2.0
2021.0,V Kohli,405.0
2021.0,V Shankar,58.0
2021.0,VR Iyer,370.0
2021.0,Virat Singh,15.0
2021.0,WP Saha,131.0
2021.0,Washington Sundar,31.0
2021.0,YBK Jaiswal,249.0
2021.0,YS Chahal,10.0
2022.0,A Badoni,161.0
2022.0,A Manohar,108.0
2022.0,A Nortje,1.0
2022.0,A Tomar,4.0
2022.0,AD Russell,335.0
2022.0,AJ Finch,86.0
2022.0,AK Markram,381.0
2022.0,AM Rahane,133.0
2022.0,AR Patel,182.0
2022.0,AS Joseph,5.0
2022.0,AS Roy,0.0
2022.0,AT Rayudu,274.0
2022.0,Abdul Samad,4.0
2022.0,Abhishek Sharma,426.0
2022.0,Akash Deep,0.0
2022.0,Aman Hakim Khan,5.0
2022.0,Anmolpreet Singh,13.0
2022.0,Anuj Rawat,129.0
2022.0,Arshdeep Singh,21.0
2022.0,Avesh Khan,22.0
2022.0,B Indrajith,21.0
2022.0,B Kumar,24.0
2022.0,B Sai Sudharsan,145.0
2022.0,CJ Jordan,11.0
2022.0,CV Varun,12.0
2022.0,D Brevis,161.0
2022.0,D Padikkal,376.0
2022.0,D Pretorius,44.0
2022.0,DA Miller,481.0
2022.0,DA Warner,432.0
2022.0,DJ Bravo,23.0
2022.0,DJ Hooda,451.0
2022.0,DJ Mitchell,33.0
2022.0,DJ Willey,18.0
2022.0,DP Conway,252.0
2022.0,DR Sams,38.0
2022.0,E Lewis,73.0
2022.0,F du Plessis,468.0
2022.0,FA Allen,8.0
2022.0,Fazalhaq Farooqi,2.0
2022.0,GJ Maxwell,301.0
2022.0,HE van der Dussen,22.0
2022.0,HH Pandya,487.0
2022.0,HR Shokeen,43.0
2022.0,HV Patel,43.0
2022.0,Harpreet Brar,22.0
2022.0,Harshit Rana,2.0
2022.0,Ishan Kishan,418.0
2022.0,J Suchith,2.0
2022.0,JC Buttler,863.0
2022.0,JD Unadkat,59.0
2022.0,JDS Neesham,31.0
2022.0,JJ Bumrah,0.0
2022.0,JM Bairstow,253.0
2022.0,JM Sharma,234.0
2022.0,JO Holder,58.0
2022.0,JR Hazlewood,18.0
2022.0,K Gowtham,0.0
2022.0,K Kartikeya,3.0
2022.0,K Rabada,48.0
2022.0,KA Pollard,144.0
2022.0,KD Karthik,330.0
2022.0,KH Pandya,183.0
2022.0,KK Ahmed,0.0
2022.0,KK Nair,16.0
2022.0,KL Rahul,616.0
2022.0,KR Sen,0.0
2022.0,KS Bharat,8.0
2022.0,KS Sharma,4.0
2022.0,KS Williamson,216.0
2022.0,Kartik Tyagi,7.0
2022.0,Kuldeep Yadav,48.0
2022.0,LH Ferguson,5.0
2022.0,LS Livingstone,437.0
2022.0,Lalit Yadav,161.0
2022.0,M Ashwin,12.0
2022.0,M Jansen,9.0
2022.0,M Prasidh Krishna,6.0
2022.0,M Shahrukh Khan,117.0
2022.0,M Theekshana,7.0
2022.0,M Vohra,19.0
2022.0,MA Agarwal,196.0
2022.0,MJ Santner,22.0
2022.0,MK Lomror,86.0
2022.0,MK Pandey,88.0
2022.0,MM Ali,244.0
2022.0,MP Stoinis,156.0
2022.0,MR Marsh,251.0
2022.0,MS Dhoni,232.0
2022.0,MS Wade,157.0
2022.0,Mandeep Singh,18.0
2022.0,Mohammed Siraj,30.0
2022.0,Mohsin Khan,23.0
2022.0,Mukesh Choudhary,6.0
2022.0,Mustafizur Rahman,3.0
2022.0,N Jagadeesan,40.0
2022.0,N Pooran,306.0
2022.0,N Rana,361.0
2022.0,NA Saini,2.0
2022.0,NM Coulter-Nile,1.0
2022.0,NT Ellis,0.0
2022.0,NT Tilak Varma,397.0
2022.0,OC McCoy,8.0
2022.0,OF Smith,51.0
2022.0,PBB Rajapaksa,206.0
2022.0,PJ Cummins,63.0
2022.0,PJ Sangwan,2.0
2022.0,PK Garg,46.0
2022.0,PN Mankad,4.0
2022.0,PP Shaw,283.0
2022.0,PVD Chameera,43.0
2022.0,PWH de Silva,38.0
2022.0,Prabhsimran Singh,14.0
2022.0,Q de Kock,508.0
2022.0,R Ashwin,191.0
2022.0,R Dhawan,37.0
2022.0,R Parag,183.0
2022.0,R Powell,250.0
2022.0,R Sanjay Yadav,0.0
2022.0,R Shepherd,58.0
2022.0,R Tewatia,217.0
2022.0,RA Bawa,11.0
2022.0,RA Jadeja,116.0
2022.0,RA Tripathi,413.0
2022.0,RD Chahar,77.0
2022.0,RD Gaikwad,368.0
2022.0,RG Sharma,268.0
2022.0,RK Singh,174.0
2022.0,RM Patidar,333.0
2022.0,RP Meredith,0.0
2022.0,RR Pant,340.0
2022.0,RV Patel,6.0
2022.0,RV Uthappa,230.0
2022.0,Ramandeep Singh,45.0
2022.0,Rashid Khan,91.0
2022.0,Rasikh Salam,7.0
2022.0,Ravi Bishnoi,0.0
2022.0,S Dhawan,460.0
2022.0,S Dube,289.0
2022.0,S Gopal,9.0
2022.0,SA Abbott,7.0
2022.0,SA Yadav,303.0
2022.0,SE Rutherford,33.0
2022.0,SN Khan,91.0
2022.0,SN Thakur,120.0
2022.0,SO Hetmyer,314.0
2022.0,SP Jackson,23.0
2022.0,SP Narine,71.0
2022.0,SS Iyer,401.0
2022.0,SS Prabhudessai,67.0
2022.0,SV Samson,458.0
2022.0,SW Billings,169.0
2022.0,Shahbaz Ahmed,219.0
2022.0,Shashank Singh,69.0
2022.0,Shivam Mavi,3.0
2022.0,Shubman Gill,483.0
2022.0,Simarjeet Singh,7.0
2022.0,T Stubbs,2.0
2022.0,TA Boult,40.0
2022.0,TG Southee,2.0
2022.0,TH David,186.0
2022.0,TL Seifert,24.0
2022.0,TS Mills,0.0
2022.0,UT Yadav,55.0
2022.0,Umran Malik,4.0
2022.0,V Kohli,341.0
2022.0,V Shankar,19.0
2022.0,VG Arora,5.0
2022.0,VR Iyer,182.0
2022.0,WP Saha,317.0
2022.0,Washington Sundar,101.0
2022.0,YBK Jaiswal,258.0
2022.0,YS Chahal,5.0
2022.0,Yash Dayal,0.0
2023.0,A Badoni,179.0
2023.0,A Manohar,114.0
2023.0,A Mishra,19.0
2023.0,A Nortje,37.0
2023.0,A Taide,131.0
2023.0,A Zampa,10.0
2023.0,AD Russell,206.0
2023.0,AJ Hosein,16.0
2023.0,AK Markram,248.0
2023.0,AM Rahane,326.0
2023.0,AR Patel,283.0
2023.0,AS Joseph,7.0
2023.0,AS Roy,23.0
2023.0,AS Tendulkar,13.0
2023.0,AT Rayudu,158.0
2023.0,AU Rashid,22.0
2023.0,Abdul Basith,1.0
2023.0,Abdul Samad,169.0
2023.0,Abhishek Sharma,226.0
2023.0,Abishek Porel,33.0
2023.0,Akash Deep,17.0
2023.0,Aman Hakim Khan,110.0
2023.0,Anmolpreet Singh,105.0
2023.0,Anuj Rawat,91.0
2023.0,Arshad Khan,18.0
2023.0,Arshdeep Singh,2.0
2023.0,Avesh Khan,0.0
2023.0,B Kumar,42.0
2023.0,B Sai Sudharsan,362.0
2023.0,BA Stokes,15.0
2023.0,C Green,451.0
2023.0,C Sakariya,4.0
2023.0,CJ Jordan,6.0
2023.0,CV Varun,1.0
2023.0,D Padikkal,261.0
2023.0,D Wiese,21.0
2023.0,DA Miller,259.0
2023.0,DA Warner,470.0
2023.0,DC Jurel,152.0
2023.0,DG Nalkande,0.0
2023.0,DJ Hooda,84.0
2023.0,DJ Willey,35.0
2023.0,DL Chahar,1.0
2023.0,DP Conway,672.0
2023.0,F du Plessis,730.0
2023.0,Fazalhaq Farooqi,1.0
2023.0,GD Phillips,39.0
2023.0,GJ Maxwell,400.0
2023.0,H Klaasen,448.0
2023.0,HC Brook,190.0
2023.0,HH Pandya,346.0
2023.0,HR Shokeen,23.0
2023.0,HV Patel,6.0
2023.0,Harpreet Brar,52.0
2023.0,Harpreet Singh,76.0
2023.0,Harshit Rana,0.0
2023.0,I Sharma,1.0
2023.0,Ishan Kishan,396.0
2023.0,JC Archer,4.0
2023.0,JC Buttler,392.0
2023.0,JD Unadkat,9.0
2023.0,JE Root,10.0
2023.0,JJ Roy,285.0
2023.0,JM Sharma,309.0
2023.0,JO Holder,12.0
2023.0,JP Behrendorff,6.0
2023.0,JR Hazlewood,1.0
2023.0,K Gowtham,60.0
2023.0,K Kartikeya,6.0
2023.0,K Rabada,0.0
2023.0,KD Karthik,140.0
2023.0,KH Pandya,188.0
2023.0,KL Rahul,274.0
2023.0,KM Asif,0.0
2023.0,KM Jadhav,12.0
2023.0,KR Mayers,365.0
2023.0,KS Sharma,3.0
2023.0,KV Sharma,3.0
2023.0,Kuldeep Yadav,31.0
2023.0,LS Livingstone,185.0
2023.0,Lalit Yadav,66.0
2023.0,Liton Das,4.0
2023.0,M Jansen,39.0
2023.0,M Markande,21.0
2023.0,M Shahrukh Khan,150.0
2023.0,MA Agarwal,270.0
2023.0,MA Wood,11.0
2023.0,MD Shanaka,26.0
2023.0,MG Bracewell,58.0
2023.0,MJ Santner,2.0
2023.0,MK Lomror,135.0
2023.0,MK Pandey,160.0
2023.0,MM Ali,124.0
2023.0,MM Sharma,0.0
2023.0,MP Stoinis,402.0
2023.0,MR Marsh,128.0
2023.0,MS Dhoni,104.0
2023.0,MW Short,117.0
2023.0,Mandeep Singh,14.0
2023.0,Mohammed Shami,5.0
2023.0,Mohammed Siraj,1.0
2023.0,Mohit Rathee,1.0
2023.0,Mohsin Khan,0.0
2023.0,Mukesh Kumar,7.0
2023.0,Mustafizur Rahman,1.0
2023.0,N Jagadeesan,89.0
2023.0,N Pooran,338.0
2023.0,N Rana,408.0
2023.0,N Wadhera,235.0
2023.0,NT Ellis,1.0
2023.0,NT Tilak Varma,313.0
2023.0,Naveen-ul-Haq,16.0
2023.0,Noor Ahmad,8.0
2023.0,P Dubey,16.0
2023.0,PBB Rajapaksa,71.0
2023.0,PD Salt,192.0
2023.0,PK Garg,22.0
2023.0,PN Mankad,93.0
2023.0,PP Chawla,25.0
2023.0,PP Shaw,52.0
2023.0,PWH de Silva,33.0
2023.0,Prabhsimran Singh,336.0
2023.0,Q de Kock,143.0
2023.0,R Ashwin,67.0
2023.0,R Dhawan,20.0
2023.0,R Parag,78.0
2023.0,R Powell,7.0
2023.0,R Shepherd,0.0
2023.0,R Tewatia,87.0
2023.0,RA Jadeja,190.0
2023.0,RA Tripathi,273.0
2023.0,RD Chahar,0.0
2023.0,RD Gaikwad,590.0
2023.0,RG Sharma,312.0
2023.0,RK Singh,456.0
2023.0,RP Meredith,0.0
2023.0,RR Rossouw,127.0
2023.0,RV Patel,49.0
2023.0,Rahmanullah Gurbaz,219.0
2023.0,Rashid Khan,130.0
2023.0,Ravi Bishnoi,20.0
2023.0,S Dhawan,373.0
2023.0,S Dube,418.0
2023.0,SA Yadav,562.0
2023.0,SM Curran,265.0
2023.0,SN Khan,53.0
2023.0,SN Thakur,100.0
2023.0,SO Hetmyer,299.0
2023.0,SP Narine,19.0
2023.0,SS Prabhudessai,35.0
2023.0,SV Samson,362.0
2023.0,Sandeep Sharma,2.0
2023.0,Sanvir Singh,11.0
2023.0,Shahbaz Ahmed,42.0
2023.0,Shubman Gill,890.0
2023.0,Sikandar Raza,139.0
2023.0,Swapnil Singh,2.0
2023.0,T Stubbs,25.0
2023.0,TA Boult,16.0
2023.0,TH David,207.0
2023.0,TU Deshpande,0.0
2023.0,UT Yadav,19.0
2023.0,Umran Malik,19.0
2023.0,V Kohli,639.0
2023.0,V Shankar,301.0
2023.0,V Vyshak,13.0
2023.0,VG Arora,3.0
2023.0,VR Iyer,300.0
2023.0,Vishnu Vinod,37.0
2023.0,Vivrant Sharma,69.0
2023.0,WD Parnell,2.0
2023.0,WP Saha,371.0
2023.0,Washington Sundar,60.0
2023.0,YBK Jaiswal,625.0
2023.0,YV Dhull,16.0
2023.0,Yudhvir Singh,1.0
